{"userStore":[{"username":"jake","password":"jake","q1":"1","q2":"3","q3":"3","q4":"3"},{"username":"Bill","password":"Bill","q1":"3","q2":"2","q3":"3","q4":"3"},{"username":"Sam","password":"Sam","q1":"1","q2":"1","q3":"1","q4":"1"},{"username":"molly","password":"molly","q1":"0","q2":"0","q3":"0","q4":"0"},{"username":"harry","password":"harry","q1":"3","q2":"1","q3":"3","q4":"3"},{"username":"pam","password":"pam","q1":"2","q2":"2","q3":"2","q4":"2"},{"username":"limbo","password":"limbo","q1":"2","q2":"2","q3":"2","q4":"2"},{"username":"New","password":"New","q1":"1","q2":"1","q3":"1","q4":"1"},{"username":"Phil","password":"Phil","q1":"3","q2":"2","q3":"3","q4":"3"}]}